[
    {
        "inputs": [],
        "stateMutability": "nonpayable",
        "type": "constructor"
    },
    {
        "anonymous": false,
        "inputs": [
            {
                "indexed": true,
                "internalType": "address",
                "name": "operator",
                "type": "address"
            },
            {
                "indexed": true,
                "internalType": "address",
                "name": "router",
                "type": "address"
            },
            {
                "indexed": true,
                "internalType": "address",
                "name": "pair",
                "type": "address"
            }
        ],
        "name": "AnchorSwapRouterUpdated",
        "type": "event"
    },
    {
        "anonymous": false,
        "inputs": [
            {
                "indexed": true,
                "internalType": "address",
                "name": "owner",
                "type": "address"
            },
            {
                "indexed": true,
                "internalType": "address",
                "name": "spender",
                "type": "address"
            },
            {
                "indexed": false,
                "internalType": "uint256",
                "name": "value",
                "type": "uint256"
            }
        ],
        "name": "Approval",
        "type": "event"
    },
    {
        "anonymous": false,
        "inputs": [
            {
                "indexed": true,
                "internalType": "address",
                "name": "operator",
                "type": "address"
            },
            {
                "indexed": false,
                "internalType": "uint256",
                "name": "previousRate",
                "type": "uint256"
            },
            {
                "indexed": false,
                "internalType": "uint256",
                "name": "newRate",
                "type": "uint256"
            }
        ],
        "name": "BurnRateUpdated",
        "type": "event"
    },
    {
        "anonymous": false,
        "inputs": [
            {
                "indexed": true,
                "internalType": "address",
                "name": "delegator",
                "type": "address"
            },
            {
                "indexed": true,
                "internalType": "address",
                "name": "fromDelegate",
                "type": "address"
            },
            {
                "indexed": true,
                "internalType": "address",
                "name": "toDelegate",
                "type": "address"
            }
        ],
        "name": "DelegateChanged",
        "type": "event"
    },
    {
        "anonymous": false,
        "inputs": [
            {
                "indexed": true,
                "internalType": "address",
                "name": "delegate",
                "type": "address"
            },
            {
                "indexed": false,
                "internalType": "uint256",
                "name": "previousBalance",
                "type": "uint256"
            },
            {
                "indexed": false,
                "internalType": "uint256",
                "name": "newBalance",
                "type": "uint256"
            }
        ],
        "name": "DelegateVotesChanged",
        "type": "event"
    },
    {
        "anonymous": false,
        "inputs": [
            {
                "indexed": true,
                "internalType": "address",
                "name": "operator",
                "type": "address"
            },
            {
                "indexed": false,
                "internalType": "uint256",
                "name": "previousRate",
                "type": "uint256"
            },
            {
                "indexed": false,
                "internalType": "uint256",
                "name": "newRate",
                "type": "uint256"
            }
        ],
        "name": "MaxTransferAmountRateUpdated",
        "type": "event"
    },
    {
        "anonymous": false,
        "inputs": [
            {
                "indexed": true,
                "internalType": "address",
                "name": "operator",
                "type": "address"
            },
            {
                "indexed": false,
                "internalType": "uint256",
                "name": "previousAmount",
                "type": "uint256"
            },
            {
                "indexed": false,
                "internalType": "uint256",
                "name": "newAmount",
                "type": "uint256"
            }
        ],
        "name": "MinAmountToLiquifyUpdated",
        "type": "event"
    },
    {
        "anonymous": false,
        "inputs": [
            {
                "indexed": true,
                "internalType": "address",
                "name": "previousOperator",
                "type": "address"
            },
            {
                "indexed": true,
                "internalType": "address",
                "name": "newOperator",
                "type": "address"
            }
        ],
        "name": "OperatorTransferred",
        "type": "event"
    },
    {
        "anonymous": false,
        "inputs": [
            {
                "indexed": true,
                "internalType": "address",
                "name": "previousOwner",
                "type": "address"
            },
            {
                "indexed": true,
                "internalType": "address",
                "name": "newOwner",
                "type": "address"
            }
        ],
        "name": "OwnershipTransferred",
        "type": "event"
    },
    {
        "anonymous": false,
        "inputs": [
            {
                "indexed": false,
                "internalType": "uint256",
                "name": "tokensSwapped",
                "type": "uint256"
            },
            {
                "indexed": false,
                "internalType": "uint256",
                "name": "ethReceived",
                "type": "uint256"
            },
            {
                "indexed": false,
                "internalType": "uint256",
                "name": "tokensIntoLiqudity",
                "type": "uint256"
            }
        ],
        "name": "SwapAndLiquify",
        "type": "event"
    },
    {
        "anonymous": false,
        "inputs": [
            {
                "indexed": true,
                "internalType": "address",
                "name": "operator",
                "type": "address"
            },
            {
                "indexed": false,
                "internalType": "bool",
                "name": "enabled",
                "type": "bool"
            }
        ],
        "name": "SwapAndLiquifyEnabledUpdated",
        "type": "event"
    },
    {
        "anonymous": false,
        "inputs": [
            {
                "indexed": true,
                "internalType": "address",
                "name": "from",
                "type": "address"
            },
            {
                "indexed": true,
                "internalType": "address",
                "name": "to",
                "type": "address"
            },
            {
                "indexed": false,
                "internalType": "uint256",
                "name": "value",
                "type": "uint256"
            }
        ],
        "name": "Transfer",
        "type": "event"
    },
    {
        "anonymous": false,
        "inputs": [
            {
                "indexed": true,
                "internalType": "address",
                "name": "operator",
                "type": "address"
            },
            {
                "indexed": false,
                "internalType": "uint256",
                "name": "previousRate",
                "type": "uint256"
            },
            {
                "indexed": false,
                "internalType": "uint256",
                "name": "newRate",
                "type": "uint256"
            }
        ],
        "name": "TransferTaxRateUpdated",
        "type": "event"
    },
    {
        "inputs": [],
        "name": "AnchorSwapPair",
        "outputs": [
            {
                "internalType": "address",
                "name": "",
                "type": "address"
            }
        ],
        "stateMutability": "view",
        "type": "function"
    },
    {
        "inputs": [],
        "name": "AnchorSwapRouter",
        "outputs": [
            {
                "internalType": "contract IUniswapV2Router02",
                "name": "",
                "type": "address"
            }
        ],
        "stateMutability": "view",
        "type": "function"
    },
    {
        "inputs": [],
        "name": "BURN_ADDRESS",
        "outputs": [
            {
                "internalType": "address",
                "name": "",
                "type": "address"
            }
        ],
        "stateMutability": "view",
        "type": "function"
    },
    {
        "inputs": [],
        "name": "DELEGATION_TYPEHASH",
        "outputs": [
            {
                "internalType": "bytes32",
                "name": "",
                "type": "bytes32"
            }
        ],
        "stateMutability": "view",
        "type": "function"
    },
    {
        "inputs": [],
        "name": "DOMAIN_TYPEHASH",
        "outputs": [
            {
                "internalType": "bytes32",
                "name": "",
                "type": "bytes32"
            }
        ],
        "stateMutability": "view",
        "type": "function"
    },
    {
        "inputs": [],
        "name": "MAXIMUM_TRANSFER_TAX_RATE",
        "outputs": [
            {
                "internalType": "uint16",
                "name": "",
                "type": "uint16"
            }
        ],
        "stateMutability": "view",
        "type": "function"
    },
    {
        "inputs": [
            {
                "internalType": "address",
                "name": "owner",
                "type": "address"
            },
            {
                "internalType": "address",
                "name": "spender",
                "type": "address"
            }
        ],
        "name": "allowance",
        "outputs": [
            {
                "internalType": "uint256",
                "name": "",
                "type": "uint256"
            }
        ],
        "stateMutability": "view",
        "type": "function"
    },
    {
        "inputs": [
            {
                "internalType": "address",
                "name": "spender",
                "type": "address"
            },
            {
                "internalType": "uint256",
                "name": "amount",
                "type": "uint256"
            }
        ],
        "name": "approve",
        "outputs": [
            {
                "internalType": "bool",
                "name": "",
                "type": "bool"
            }
        ],
        "stateMutability": "nonpayable",
        "type": "function"
    },
    {
        "inputs": [
            {
                "internalType": "address",
                "name": "account",
                "type": "address"
            }
        ],
        "name": "balanceOf",
        "outputs": [
            {
                "internalType": "uint256",
                "name": "",
                "type": "uint256"
            }
        ],
        "stateMutability": "view",
        "type": "function"
    },
    {
        "inputs": [],
        "name": "burnRate",
        "outputs": [
            {
                "internalType": "uint16",
                "name": "",
                "type": "uint16"
            }
        ],
        "stateMutability": "view",
        "type": "function"
    },
    {
        "inputs": [
            {
                "internalType": "address",
                "name": "",
                "type": "address"
            },
            {
                "internalType": "uint32",
                "name": "",
                "type": "uint32"
            }
        ],
        "name": "checkpoints",
        "outputs": [
            {
                "internalType": "uint32",
                "name": "fromBlock",
                "type": "uint32"
            },
            {
                "internalType": "uint256",
                "name": "votes",
                "type": "uint256"
            }
        ],
        "stateMutability": "view",
        "type": "function"
    },
    {
        "inputs": [],
        "name": "decimals",
        "outputs": [
            {
                "internalType": "uint8",
                "name": "",
                "type": "uint8"
            }
        ],
        "stateMutability": "view",
        "type": "function"
    },
    {
        "inputs": [
            {
                "internalType": "address",
                "name": "spender",
                "type": "address"
            },
            {
                "internalType": "uint256",
                "name": "subtractedValue",
                "type": "uint256"
            }
        ],
        "name": "decreaseAllowance",
        "outputs": [
            {
                "internalType": "bool",
                "name": "",
                "type": "bool"
            }
        ],
        "stateMutability": "nonpayable",
        "type": "function"
    },
    {
        "inputs": [
            {
                "internalType": "address",
                "name": "delegatee",
                "type": "address"
            }
        ],
        "name": "delegate",
        "outputs": [],
        "stateMutability": "nonpayable",
        "type": "function"
    },
    {
        "inputs": [
            {
                "internalType": "address",
                "name": "delegatee",
                "type": "address"
            },
            {
                "internalType": "uint256",
                "name": "nonce",
                "type": "uint256"
            },
            {
                "internalType": "uint256",
                "name": "expiry",
                "type": "uint256"
            },
            {
                "internalType": "uint8",
                "name": "v",
                "type": "uint8"
            },
            {
                "internalType": "bytes32",
                "name": "r",
                "type": "bytes32"
            },
            {
                "internalType": "bytes32",
                "name": "s",
                "type": "bytes32"
            }
        ],
        "name": "delegateBySig",
        "outputs": [],
        "stateMutability": "nonpayable",
        "type": "function"
    },
    {
        "inputs": [
            {
                "internalType": "address",
                "name": "delegator",
                "type": "address"
            }
        ],
        "name": "delegates",
        "outputs": [
            {
                "internalType": "address",
                "name": "",
                "type": "address"
            }
        ],
        "stateMutability": "view",
        "type": "function"
    },
    {
        "inputs": [
            {
                "internalType": "address",
                "name": "account",
                "type": "address"
            }
        ],
        "name": "getCurrentVotes",
        "outputs": [
            {
                "internalType": "uint256",
                "name": "",
                "type": "uint256"
            }
        ],
        "stateMutability": "view",
        "type": "function"
    },
    {
        "inputs": [],
        "name": "getOwner",
        "outputs": [
            {
                "internalType": "address",
                "name": "",
                "type": "address"
            }
        ],
        "stateMutability": "view",
        "type": "function"
    },
    {
        "inputs": [
            {
                "internalType": "address",
                "name": "account",
                "type": "address"
            },
            {
                "internalType": "uint256",
                "name": "blockNumber",
                "type": "uint256"
            }
        ],
        "name": "getPriorVotes",
        "outputs": [
            {
                "internalType": "uint256",
                "name": "",
                "type": "uint256"
            }
        ],
        "stateMutability": "view",
        "type": "function"
    },
    {
        "inputs": [
            {
                "internalType": "address",
                "name": "spender",
                "type": "address"
            },
            {
                "internalType": "uint256",
                "name": "addedValue",
                "type": "uint256"
            }
        ],
        "name": "increaseAllowance",
        "outputs": [
            {
                "internalType": "bool",
                "name": "",
                "type": "bool"
            }
        ],
        "stateMutability": "nonpayable",
        "type": "function"
    },
    {
        "inputs": [
            {
                "internalType": "address",
                "name": "_account",
                "type": "address"
            }
        ],
        "name": "isExcludedFromAntiWhale",
        "outputs": [
            {
                "internalType": "bool",
                "name": "",
                "type": "bool"
            }
        ],
        "stateMutability": "view",
        "type": "function"
    },
    {
        "inputs": [],
        "name": "maxTransferAmount",
        "outputs": [
            {
                "internalType": "uint256",
                "name": "",
                "type": "uint256"
            }
        ],
        "stateMutability": "view",
        "type": "function"
    },
    {
        "inputs": [],
        "name": "maxTransferAmountRate",
        "outputs": [
            {
                "internalType": "uint16",
                "name": "",
                "type": "uint16"
            }
        ],
        "stateMutability": "view",
        "type": "function"
    },
    {
        "inputs": [],
        "name": "minAmountToLiquify",
        "outputs": [
            {
                "internalType": "uint256",
                "name": "",
                "type": "uint256"
            }
        ],
        "stateMutability": "view",
        "type": "function"
    },
    {
        "inputs": [
            {
                "internalType": "address",
                "name": "_to",
                "type": "address"
            },
            {
                "internalType": "uint256",
                "name": "_amount",
                "type": "uint256"
            }
        ],
        "name": "mint",
        "outputs": [],
        "stateMutability": "nonpayable",
        "type": "function"
    },
    {
        "inputs": [
            {
                "internalType": "uint256",
                "name": "amount",
                "type": "uint256"
            }
        ],
        "name": "mint",
        "outputs": [
            {
                "internalType": "bool",
                "name": "",
                "type": "bool"
            }
        ],
        "stateMutability": "nonpayable",
        "type": "function"
    },
    {
        "inputs": [],
        "name": "name",
        "outputs": [
            {
                "internalType": "string",
                "name": "",
                "type": "string"
            }
        ],
        "stateMutability": "view",
        "type": "function"
    },
    {
        "inputs": [
            {
                "internalType": "address",
                "name": "",
                "type": "address"
            }
        ],
        "name": "nonces",
        "outputs": [
            {
                "internalType": "uint256",
                "name": "",
                "type": "uint256"
            }
        ],
        "stateMutability": "view",
        "type": "function"
    },
    {
        "inputs": [
            {
                "internalType": "address",
                "name": "",
                "type": "address"
            }
        ],
        "name": "numCheckpoints",
        "outputs": [
            {
                "internalType": "uint32",
                "name": "",
                "type": "uint32"
            }
        ],
        "stateMutability": "view",
        "type": "function"
    },
    {
        "inputs": [],
        "name": "operator",
        "outputs": [
            {
                "internalType": "address",
                "name": "",
                "type": "address"
            }
        ],
        "stateMutability": "view",
        "type": "function"
    },
    {
        "inputs": [],
        "name": "owner",
        "outputs": [
            {
                "internalType": "address",
                "name": "",
                "type": "address"
            }
        ],
        "stateMutability": "view",
        "type": "function"
    },
    {
        "inputs": [],
        "name": "renounceOwnership",
        "outputs": [],
        "stateMutability": "nonpayable",
        "type": "function"
    },
    {
        "inputs": [
            {
                "internalType": "address",
                "name": "_account",
                "type": "address"
            },
            {
                "internalType": "bool",
                "name": "_excluded",
                "type": "bool"
            }
        ],
        "name": "setExcludedFromAntiWhale",
        "outputs": [],
        "stateMutability": "nonpayable",
        "type": "function"
    },
    {
        "inputs": [],
        "name": "swapAndLiquifyEnabled",
        "outputs": [
            {
                "internalType": "bool",
                "name": "",
                "type": "bool"
            }
        ],
        "stateMutability": "view",
        "type": "function"
    },
    {
        "inputs": [],
        "name": "symbol",
        "outputs": [
            {
                "internalType": "string",
                "name": "",
                "type": "string"
            }
        ],
        "stateMutability": "view",
        "type": "function"
    },
    {
        "inputs": [],
        "name": "totalSupply",
        "outputs": [
            {
                "internalType": "uint256",
                "name": "",
                "type": "uint256"
            }
        ],
        "stateMutability": "view",
        "type": "function"
    },
    {
        "inputs": [
            {
                "internalType": "address",
                "name": "recipient",
                "type": "address"
            },
            {
                "internalType": "uint256",
                "name": "amount",
                "type": "uint256"
            }
        ],
        "name": "transfer",
        "outputs": [
            {
                "internalType": "bool",
                "name": "",
                "type": "bool"
            }
        ],
        "stateMutability": "nonpayable",
        "type": "function"
    },
    {
        "inputs": [
            {
                "internalType": "address",
                "name": "sender",
                "type": "address"
            },
            {
                "internalType": "address",
                "name": "recipient",
                "type": "address"
            },
            {
                "internalType": "uint256",
                "name": "amount",
                "type": "uint256"
            }
        ],
        "name": "transferFrom",
        "outputs": [
            {
                "internalType": "bool",
                "name": "",
                "type": "bool"
            }
        ],
        "stateMutability": "nonpayable",
        "type": "function"
    },
    {
        "inputs": [
            {
                "internalType": "address",
                "name": "newOperator",
                "type": "address"
            }
        ],
        "name": "transferOperator",
        "outputs": [],
        "stateMutability": "nonpayable",
        "type": "function"
    },
    {
        "inputs": [
            {
                "internalType": "address",
                "name": "newOwner",
                "type": "address"
            }
        ],
        "name": "transferOwnership",
        "outputs": [],
        "stateMutability": "nonpayable",
        "type": "function"
    },
    {
        "inputs": [],
        "name": "transferTaxRate",
        "outputs": [
            {
                "internalType": "uint16",
                "name": "",
                "type": "uint16"
            }
        ],
        "stateMutability": "view",
        "type": "function"
    },
    {
        "inputs": [
            {
                "internalType": "address",
                "name": "_router",
                "type": "address"
            }
        ],
        "name": "updateAnchorSwapRouter",
        "outputs": [],
        "stateMutability": "nonpayable",
        "type": "function"
    },
    {
        "inputs": [
            {
                "internalType": "uint16",
                "name": "_burnRate",
                "type": "uint16"
            }
        ],
        "name": "updateBurnRate",
        "outputs": [],
        "stateMutability": "nonpayable",
        "type": "function"
    },
    {
        "inputs": [
            {
                "internalType": "uint16",
                "name": "_maxTransferAmountRate",
                "type": "uint16"
            }
        ],
        "name": "updateMaxTransferAmountRate",
        "outputs": [],
        "stateMutability": "nonpayable",
        "type": "function"
    },
    {
        "inputs": [
            {
                "internalType": "uint256",
                "name": "_minAmount",
                "type": "uint256"
            }
        ],
        "name": "updateMinAmountToLiquify",
        "outputs": [],
        "stateMutability": "nonpayable",
        "type": "function"
    },
    {
        "inputs": [
            {
                "internalType": "bool",
                "name": "_enabled",
                "type": "bool"
            }
        ],
        "name": "updateSwapAndLiquifyEnabled",
        "outputs": [],
        "stateMutability": "nonpayable",
        "type": "function"
    },
    {
        "inputs": [
            {
                "internalType": "uint16",
                "name": "_transferTaxRate",
                "type": "uint16"
            }
        ],
        "name": "updateTransferTaxRate",
        "outputs": [],
        "stateMutability": "nonpayable",
        "type": "function"
    },
    {
        "stateMutability": "payable",
        "type": "receive"
    }
]